No.,Carry (yd),Roll (yd),Total (yd),Lateral (yd),Column1,Lateral Helper,Ball (mph),Spin (rpm),Spin Axis (deg),Column2,Spin Axis Helper,Launch V (deg),Launch H (deg),Column3,Launch H Helper,Time (s),Height (ft),Wind Speed (mph),Wind Direction (deg),Air Pressure (psi),Temperature (F),Humidity (%),Ball type
1,152.6,16.7,169.3,-3.4,,-3.4,117.3,3655,-7.5,,-7.5,7.9,0,,0,4.2,31.2,0,0,14.69,77,50,Standard
2,106.6,5.9,112.5,0,,0,92.9,8965,0,,0,10.7,0,,0,3.9,31.4,0,0,14.69,77,50,Standard
3,190.9,0.3,191.1,0.2,,0.2,144.9,10482,15,,15,10.7,-5,,-5,6.9,108.5,0,0,14.69,77,50,Standard
4,243,0.8,243.8,0.4,,0.4,169.4,6689,15,,15,19.3,-5,,-5,8.8,199,0,0,14.69,77,50,Standard
5,242.4,2.7,245.1,42.1,,42.1,154.1,3275,0,,0,25,10,,10,8.6,198,0,0,14.69,77,50,Standard
6,136.3,0.9,137.2,11.9,,11.9,105.1,6310,0,,0,27.9,5,,5,6.3,114,0,0,14.69,77,50,Standard
7,114.8,3.7,118.5,-2.8,,-2.8,89.8,5172,-7.5,,-7.5,19.3,0,,0,4.5,51.5,0,0,14.69,77,50,Standard
8,244.6,2.8,247.4,14.6,,14.6,151,1379,15,,15,33.6,0,,0,8.9,240.6,0,0,14.69,77,50,Standard
9,256.3,1.2,257.4,-13.1,,-13.1,172.4,2137,7.5,,7.5,36.4,-5,,-5,10.3,322.6,0,0,14.69,77,50,Standard
10,29.3,13.4,42.7,4.9,,4.9,62.2,10862,-7.5,,-7.5,5,10,,10,1.1,2.3,0,0,14.69,77,50,Standard
11,74.8,0.1,74.9,-3.8,,-3.8,71.4,10862,-15,,-15,33.6,0,,0,4.5,62.4,0,0,14.69,77,50,Standard
12,120.6,1.5,122.1,0,,0,99,10862,0,,0,16.4,0,,0,5,61,0,0,14.69,77,50,Standard
13,191.3,0.1,191.2,50.1,,50.1,166.3,3655,15,,15,45,10,,10,10.5,360.3,0,0,14.69,77,50,Standard
14,136.5,1.4,135,7.2,,7.2,135.7,10482,7.5,,7.5,36.4,0,,0,8.3,221.2,0,0,14.69,77,50,Standard
15,62.4,14.9,77.2,-7.3,,-7.3,80.6,9344,-15,,-15,5,-5,,-5,2.1,6.7,0,0,14.69,77,50,Standard
16,306.4,5.8,312.3,-35.9,,-35.9,178.6,1758,-7.5,,-7.5,19.3,-5,,-5,8.5,179.3,0,0,14.69,77,50,Standard
17,199.6,2.7,202.3,-10.1,,-10.1,144.9,7448,7.5,,7.5,5,-5,,-5,6,62.7,0,0,14.69,77,50,Standard
18,105.1,2.8,108,11.5,,11.5,83.7,2896,7.5,,7.5,39.3,5,,5,5.6,100.8,0,0,14.69,77,50,Standard
19,97.9,0.8,98.7,-11.6,,-11.6,83.7,5931,15,,15,36.4,-10,,-10,5.5,93.8,0,0,14.69,77,50,Standard
20,88.5,0.1,88.6,2.3,,2.3,77.6,8965,7.5,,7.5,27.9,0,,0,4.6,60.1,0,0,14.69,77,50,Standard
21,131.3,1.3,130,15.8,,15.8,135.7,9724,-7.5,,-7.5,39.3,10,,10,8.5,233.2,0,0,14.69,77,50,Standard
22,44,11.1,55.1,1,,1,65.3,10862,15,,15,7.9,0,,0,1.7,6,0,0,14.69,77,50,Standard
23,93.3,0.8,92.4,-5.3,,-5.3,83.7,10862,7.5,,7.5,30.7,-5,,-5,5.2,79,0,0,14.69,77,50,Standard
24,87.2,6.5,93.6,19,,19,83.7,10482,15,,15,10.7,10,,10,3.3,22.4,0,0,14.69,77,50,Standard
25,122.9,4.2,127,-2.7,,-2.7,89.8,2896,-7.5,,-7.5,30.7,0,,0,5.4,86.4,0,0,14.69,77,50,Standard
26,293.8,6.2,300,-18.6,,-18.6,175.5,2517,-15,,-15,16.4,0,,0,8.1,153.1,0,0,14.69,77,50,Standard
27,165.7,4.3,170.1,28.8,,28.8,111.2,2896,0,,0,27.9,10,,10,6.5,119.9,0,0,14.69,77,50,Standard
28,296,9.4,305.4,33.6,,33.6,172.4,1379,7.5,,7.5,16.4,5,,5,7.6,136.6,0,0,14.69,77,50,Standard
29,77.6,1.9,79.6,3,,3,68.4,4793,15,,15,33.6,0,,0,4.2,56.1,0,0,14.69,77,50,Standard
30,272.2,0.8,273,-12.1,,-12.1,187.8,7068,-7.5,,-7.5,16.4,0,,0,9.2,209.6,0,0,14.69,77,50,Standard
31,189.1,0.5,188.6,15.1,,15.1,148,11620,-15,,-15,13.6,10,,10,7.4,133.2,0,0,14.69,77,50,Standard
32,81.3,6.1,87.4,14.1,,14.1,80.6,11241,0,,0,10.7,10,,10,3.2,20.3,0,0,14.69,77,50,Standard
33,212.7,0,212.7,-9.7,,-9.7,172.4,4413,-7.5,,-7.5,39.3,0,,0,10.5,344.9,0,0,14.69,77,50,Standard
34,38.6,15.4,54.1,3.4,,3.4,59.2,4413,0,,0,10.7,5,,5,1.6,6.3,0,0,14.69,77,50,Standard
35,174.3,0.8,173.5,-33.7,,-33.7,169.4,6689,-15,,-15,42.1,-5,,-5,10.3,345.3,0,0,14.69,77,50,Standard
36,163.4,0.5,162.9,14.4,,14.4,129.6,10482,15,,15,19.3,0,,0,7,128.9,0,0,14.69,77,50,Standard
37,150.4,2.5,152.9,7.6,,7.6,120.4,11241,-7.5,,-7.5,7.9,5,,5,5.3,57.7,0,0,14.69,77,50,Standard
38,107.7,1.8,105.9,0,,0,132.7,10862,0,,0,45,0,,0,8.4,241.3,0,0,14.69,77,50,Standard
39,271.6,0.5,272.1,-23.7,,-23.7,193.9,9724,0,,0,7.9,-5,,-5,8.5,152.1,0,0,14.69,77,50,Standard
40,177.1,1.1,175.9,-11.6,,-11.6,160.2,10482,15,,15,30.7,-10,,-10,9.2,256.6,0,0,14.69,77,50,Standard
41,131.3,7.8,139.1,-16.5,,-16.5,92.9,2137,-15,,-15,25,-5,,-5,4.9,68.4,0,0,14.69,77,50,Standard
42,103.6,0.2,103.8,-9,,-9,89.8,12000,0,,0,25,-5,,-5,5.2,74.4,0,0,14.69,77,50,Standard
43,304.1,1.6,305.7,-26.5,,-26.5,200,5551,0,,0,16.4,-5,,-5,9.6,220.4,0,0,14.69,77,50,Standard
44,57.9,4.6,62.5,0,,0,56.1,1000,0,,0,45,0,,0,3.8,53.1,0,0,14.69,77,50,Standard
45,45.8,10.5,56.4,8.3,,8.3,53.1,2137,7.5,,7.5,22.1,10,,10,2.2,16,0,0,14.69,77,50,Standard
46,126.5,1.4,125.1,6.6,,6.6,129.6,9724,7.5,,7.5,39.3,0,,0,8.2,216.9,0,0,14.69,77,50,Standard
47,114.1,0.6,113.6,-17.6,,-17.6,95.9,11620,-15,,-15,22.1,-5,,-5,5.3,75.5,0,0,14.69,77,50,Standard
48,213.6,1,212.6,-30.3,,-30.3,190.8,10482,-7.5,,-7.5,30.7,-5,,-5,10.5,330.9,0,0,14.69,77,50,Standard
49,139.3,1.3,138,-30.5,,-30.5,123.5,12000,-7.5,,-7.5,27.9,-10,,-10,7.3,156.1,0,0,14.69,77,50,Standard
50,201.6,0.3,201.3,44.4,,44.4,181.6,4034,7.5,,7.5,45,10,,10,11.1,405,0,0,14.69,77,50,Standard
51,174.6,0.3,174.9,15.3,,15.3,135.7,6310,-15,,-15,30.7,10,,10,8.2,198.1,0,0,14.69,77,50,Standard
52,106.7,1.5,105.2,19.6,,19.6,114.3,10482,15,,15,42.1,5,,5,7.4,183.8,0,0,14.69,77,50,Standard
53,86.4,0.8,87.2,0,,0,77.6,11241,0,,0,25,0,,0,4.4,53.3,0,0,14.69,77,50,Standard
54,283.9,7,290.9,-49.3,,-49.3,175.5,3275,0,,0,10.7,-10,,-10,7.4,108.8,0,0,14.69,77,50,Standard
55,51,2,53,-1.4,,-1.4,53.1,3655,-15,,-15,42.1,0,,0,3.6,44.3,0,0,14.69,77,50,Standard
56,139.2,1.2,138,-12.1,,-12.1,157.1,7827,0,,0,45,-5,,-5,9.8,319.3,0,0,14.69,77,50,Standard
57,157.6,0.2,157.4,-6.6,,-6.6,123.5,9724,-7.5,,-7.5,19.3,0,,0,6.7,117.3,0,0,14.69,77,50,Standard
58,59.9,0.8,60.7,-9.4,,-9.4,59.2,6310,7.5,,7.5,36.4,-10,,-10,3.8,46.3,0,0,14.69,77,50,Standard
59,104,0.6,103.4,7.8,,7.8,99,7068,15,,15,42.1,0,,0,6.7,147.2,0,0,14.69,77,50,Standard
60,232.7,11,243.6,-14.4,,-14.4,144.9,2137,7.5,,7.5,13.6,-5,,-5,6.2,84.1,0,0,14.69,77,50,Standard
61,187.3,2.5,189.8,9.9,,9.9,126.5,1000,15,,15,42.1,0,,0,8.3,225,0,0,14.69,77,50,Standard
62,186.4,0.2,186.6,-15.9,,-15.9,141.8,10103,15,,15,13.6,-10,,-10,7.1,120.2,0,0,14.69,77,50,Standard
63,35.7,10.6,46.3,0.3,,0.3,53.1,5931,7.5,,7.5,13.6,0,,0,1.7,7.6,0,0,14.69,77,50,Standard
64,206.7,0.8,205.9,0,,0,169.4,9724,0,,0,25,0,,0,9.3,247.2,0,0,14.69,77,50,Standard
65,50.4,5.1,55.5,0.7,,0.7,59.2,10862,7.5,,7.5,16.4,0,,0,2.4,14.9,0,0,14.69,77,50,Standard
66,172,2.2,174.2,0,,0,135.7,11620,0,,0,5,0,,0,5.8,65,0,0,14.69,77,50,Standard
67,236.1,7.5,243.6,0,,0,144.9,2517,0,,0,16.4,0,,0,6.9,109.2,0,0,14.69,77,50,Standard
68,35.4,12.4,47.8,-3.4,,-3.4,53.1,4793,-7.5,,-7.5,13.6,-5,,-5,1.6,7.4,0,0,14.69,77,50,Standard
69,150.6,0.8,149.8,-13.1,,-13.1,126.5,9344,0,,0,27.9,-5,,-5,7.5,164.1,0,0,14.69,77,50,Standard
70,190.4,4.6,195,-33.1,,-33.1,126.5,4034,0,,0,16.4,-10,,-10,6.3,92.2,0,0,14.69,77,50,Standard
71,271.6,3.2,274.8,-9.9,,-9.9,169.4,3655,-7.5,,-7.5,19.3,0,,0,8.6,183.3,0,0,14.69,77,50,Standard
72,174.3,0.4,173.8,-23.6,,-23.6,154.1,5931,-7.5,,-7.5,39.3,-5,,-5,9.6,291.6,0,0,14.69,77,50,Standard
73,44.5,2,46.5,5.1,,5.1,50,8206,15,,15,30.7,5,,5,2.8,25.5,0,0,14.69,77,50,Standard
74,179.1,1,180,-7,,-7,132.7,4413,-7.5,,-7.5,33.6,0,,0,8.3,205.1,0,0,14.69,77,50,Standard
75,193.6,1.2,194.8,-33.6,,-33.6,138.8,7448,0,,0,13.6,-10,,-10,6.9,110.9,0,0,14.69,77,50,Standard
76,106.1,0.5,106.6,0,,0,89.8,5931,0,,0,36.4,0,,0,5.9,108.3,0,0,14.69,77,50,Standard
77,219.8,1,220.8,19.2,,19.2,157.1,1758,0,,0,42.1,5,,5,10,319.2,0,0,14.69,77,50,Standard
78,152.2,1.1,153.3,-11.1,,-11.1,114.3,5931,-15,,-15,27.9,0,,0,6.8,133.2,0,0,14.69,77,50,Standard
79,345.4,8.2,353.6,19,,19,200,1000,15,,15,16.4,0,,0,8.4,170.2,0,0,14.69,77,50,Standard
80,141.5,0.9,140.6,6,,6,117.3,11620,7.5,,7.5,22.1,0,,0,6.6,118.1,0,0,14.69,77,50,Standard
81,157.4,31.9,189.3,18.4,,18.4,126.5,1379,15,,15,7.9,5,,5,3.6,25,0,0,14.69,77,50,Standard
82,21,19.6,40.7,-0.2,,-0.2,59.2,4034,-15,,-15,5,0,,0,0.8,1.5,0,0,14.69,77,50,Standard
83,99.5,1.7,97.9,18.7,,18.7,114.3,10482,15,,15,45,5,,5,7.5,191.9,0,0,14.69,77,50,Standard
84,154.2,1.4,152.8,-7.9,,-7.9,138.8,12000,-7.5,,-7.5,27.9,0,,0,8,191.7,0,0,14.69,77,50,Standard
85,121.8,0.9,120.8,30.9,,30.9,108.2,9344,15,,15,33.6,10,,10,6.8,142,0,0,14.69,77,50,Standard
86,181.5,2.7,184.2,-31.5,,-31.5,135.7,7827,0,,0,5,-10,,-10,5.6,54.7,0,0,14.69,77,50,Standard
87,115,1.6,116.6,-10,,-10,92.9,7448,0,,0,16.4,-5,,-5,4.5,49.3,0,0,14.69,77,50,Standard
88,194.2,6.3,200.4,0,,0,126.5,3275,0,,0,16.4,0,,0,6.1,87.3,0,0,14.69,77,50,Standard
89,171,1.2,169.8,-29.7,,-29.7,172.4,10482,0,,0,36.4,-10,,-10,10,317.5,0,0,14.69,77,50,Standard
90,104.8,0.4,104.4,2,,2,92.9,7827,-15,,-15,36.4,5,,5,6.1,114.9,0,0,14.69,77,50,Standard
91,164.7,0.5,165.2,15.3,,15.3,132.7,4413,-15,,-15,39.3,10,,10,8.5,232.2,0,0,14.69,77,50,Standard
92,124.2,14.7,138.9,-14.5,,-14.5,92.9,1379,-15,,-15,19.3,-5,,-5,4,44.5,0,0,14.69,77,50,Standard
93,194.9,1,193.9,-6.5,,-6.5,172.4,9724,7.5,,7.5,30.7,-5,,-5,9.8,288.2,0,0,14.69,77,50,Standard
94,145.7,18.7,164.4,-2.2,,-2.2,105.1,1000,-7.5,,-7.5,16.4,0,,0,4.2,45.2,0,0,14.69,77,50,Standard
95,250.7,3.5,254.3,14.6,,14.6,151,1379,15,,15,30.7,0,,0,8.6,218.9,0,0,14.69,77,50,Standard
96,281.6,0.8,282.4,-73.3,,-73.3,193.9,5931,-15,,-15,22.1,-10,,-10,10,264.3,0,0,14.69,77,50,Standard
97,31.7,20.8,52.5,-2.8,,-2.8,56.1,2137,0,,0,10.7,-5,,-5,1.3,4.9,0,0,14.69,77,50,Standard
98,197.1,0.6,197.7,-8.5,,-8.5,148,10103,-7.5,,-7.5,7.9,0,,0,6.7,96.2,0,0,14.69,77,50,Standard
99,174.3,0.7,175,7.1,,7.1,129.6,8206,7.5,,7.5,16.4,0,,0,6.7,112.4,0,0,14.69,77,50,Standard
100,299,3,302,2.5,,2.5,193.9,5551,-15,,-15,10.7,5,,5,8.5,149.7,0,0,14.69,77,50,Standard
101,293.9,5.2,299.2,-18,,-18,172.9,2034,2.1,,2.1,20,-4,,-4,8.5,180.2,0,0,14.69,77,50,Standard
102,318.9,4.1,323,-33.3,,-33.3,200,4275,0,,0,11.4,-6,,-6,8.6,155.8,0,0,14.69,77,50,Standard
103,235.7,9.3,245,30,,30,152.9,3413,15,,15,9.3,4,,4,6.2,71.2,0,0,14.69,77,50,Standard
104,237,4.2,241.2,-31.7,,-31.7,152.9,4448,-6.4,,-6.4,12.5,-6,,-6,7.1,107.6,0,0,14.69,77,50,Standard
105,315.2,10.1,325.3,11,,11,184.3,1344,0,,0,14.6,2,,2,7.7,135.1,0,0,14.69,77,50,Standard
106,286.7,1.8,288.4,-36.7,,-36.7,187.1,5137,-10.7,,-10.7,17.9,-4,,-4,9.3,210.7,0,0,14.69,77,50,Standard
107,225.5,4.1,229.6,-21.1,,-21.1,144.3,3931,-12.9,,-12.9,17.9,-2,,-2,7.3,129.7,0,0,14.69,77,50,Standard
108,327.2,4.3,331.5,-20.6,,-20.6,205.7,4275,8.6,,8.6,10.4,-6,,-6,8.6,149.8,0,0,14.69,77,50,Standard
109,266.4,21.4,287.8,-7.1,,-7.1,180,2206,-8.6,,-8.6,5,0,,0,5.5,45,0,0,14.69,77,50,Standard
110,292.1,5.1,297.2,13,,13,190,4965,-12.9,,-12.9,6.1,6,,6,7.4,92.9,0,0,14.69,77,50,Standard
111,252.6,6.4,259,44.1,,44.1,155.7,3068,8.6,,8.6,14.6,8,,8,7.2,115.6,0,0,14.69,77,50,Standard
112,313.9,18.6,332.5,-23.9,,-23.9,205.7,2034,8.6,,8.6,5,-6,,-6,6.3,60.7,0,0,14.69,77,50,Standard
113,303.1,5.1,308.2,-21,,-21,191.4,4275,15,,15,9.3,-8,,-8,7.9,120.1,0,0,14.69,77,50,Standard
114,327.8,7.5,335.3,5.2,,5.2,188.6,1172,4.3,,4.3,17.9,0,,0,8.4,173.8,0,0,14.69,77,50,Standard
115,231.5,4.3,235.8,-6.8,,-6.8,150,4448,-6.4,,-6.4,12.5,0,,0,7,103.7,0,0,14.69,77,50,Standard
116,252.5,15.9,268.4,-34.3,,-34.3,154.3,1172,12.9,,12.9,13.6,-10,,-10,6.1,85,0,0,14.69,77,50,Standard
117,253.8,6.8,260.6,41.9,,41.9,155.7,2896,-2.1,,-2.1,14.6,10,,10,7.2,114.5,0,0,14.69,77,50,Standard
118,290,14.7,304.6,-40,,-40,180,1862,10.7,,10.7,9.3,-10,,-10,6.6,82,0,0,14.69,77,50,Standard
119,239.7,7.7,247.4,0,,0,147.1,2551,0,,0,15.7,0,,0,6.9,107.5,0,0,14.69,77,50,Standard
120,282.2,1.8,284.1,13.1,,13.1,182.9,4620,8.6,,8.6,20,0,,0,9.3,220.4,0,0,14.69,77,50,Standard
121,248.9,4,252.9,-17.3,,-17.3,155.7,3586,-15,,-15,18.9,0,,0,7.9,153.7,0,0,14.69,77,50,Standard
122,344.7,15.1,359.8,2.1,,2.1,208.6,1000,-8.6,,-8.6,10.4,2,,2,7.3,112.8,0,0,14.69,77,50,Standard
123,247.7,18.5,266.2,-8.9,,-8.9,154.3,1000,-12.9,,-12.9,12.5,0,,0,5.8,74.5,0,0,14.69,77,50,Standard
124,245.7,5.2,250.9,-59,,-59,160,4620,-15,,-15,9.3,-10,,-10,6.8,89.9,0,0,14.69,77,50,Standard
125,296.1,23.1,319.2,-43,,-43,191.4,1172,-2.1,,-2.1,7.1,-8,,-8,6,63.1,0,0,14.69,77,50,Standard
126,253.8,5.4,259.2,58.7,,58.7,168.6,5137,12.9,,12.9,6.1,10,,10,6.7,76.2,0,0,14.69,77,50,Standard
127,235.8,8.1,243.9,26.3,,26.3,150,3241,10.7,,10.7,11.4,4,,4,6.4,83.8,0,0,14.69,77,50,Standard
128,299.2,5.2,304.4,-40.3,,-40.3,184.3,3586,8.6,,8.6,12.5,-10,,-10,8.1,140,0,0,14.69,77,50,Standard
129,241.2,15.2,256.4,1.7,,1.7,161.4,2896,2.1,,2.1,6.1,0,,0,5.6,49.4,0,0,14.69,77,50,Standard
130,293.3,6.6,299.8,-43.5,,-43.5,181.4,3413,-2.1,,-2.1,10.4,-8,,-8,7.6,114.1,0,0,14.69,77,50,Standard
131,300,3.4,303.4,-55.1,,-55.1,184.3,3413,-2.1,,-2.1,17.9,-10,,-10,9,193.5,0,0,14.69,77,50,Standard
132,259.3,13,272.2,48.4,,48.4,154.3,1172,4.3,,4.3,15.7,10,,10,6.6,102.9,0,0,14.69,77,50,Standard
133,282.1,17.5,299.6,2.1,,2.1,184.3,2206,12.9,,12.9,6.1,-2,,-2,6,57.8,0,0,14.69,77,50,Standard
134,270.5,8.2,278.6,-16.9,,-16.9,157.1,1344,2.1,,2.1,20,-4,,-4,7.6,145.4,0,0,14.69,77,50,Standard
135,342.5,7.4,349.9,7.5,,7.5,197.1,1000,-12.9,,-12.9,17.9,4,,4,8.6,183.4,0,0,14.69,77,50,Standard
136,263.1,2.4,265.5,41.9,,41.9,168.6,4275,10.7,,10.7,20,6,,6,8.7,192,0,0,14.69,77,50,Standard
137,173.8,40.1,213.9,18.9,,18.9,144.3,1344,2.1,,2.1,5,6,,6,3.5,19.1,0,0,14.69,77,50,Standard
138,273.6,11.1,284.8,11.3,,11.3,180,3586,10.7,,10.7,5,0,,0,6.3,59.6,0,0,14.69,77,50,Standard
139,265.8,5.8,271.5,45.6,,45.6,171.4,4448,15,,15,8.2,6,,6,7,90.6,0,0,14.69,77,50,Standard
140,240,15,255,-45.7,,-45.7,161.4,3068,-15,,-15,6.1,-8,,-8,5.6,49.3,0,0,14.69,77,50,Standard
141,319.2,7.1,326.3,-32.7,,-32.7,195.7,3068,8.6,,8.6,10.4,-8,,-8,7.9,125,0,0,14.69,77,50,Standard
142,262.1,5.7,267.8,-11.6,,-11.6,167.1,4103,-2.1,,-2.1,9.3,-2,,-2,7.1,95.4,0,0,14.69,77,50,Standard
143,333.3,3.3,336.6,19.8,,19.8,208.6,4103,-2.1,,-2.1,13.6,4,,4,9.3,189.5,0,0,14.69,77,50,Standard
144,241.2,3.4,244.6,-15.9,,-15.9,157.1,4965,-6.4,,-6.4,12.5,-2,,-2,7.4,117.6,0,0,14.69,77,50,Standard
145,284.8,10.5,295.3,-39.6,,-39.6,165.7,1172,0,,0,16.8,-8,,-8,7.3,128.5,0,0,14.69,77,50,Standard
146,270.9,4.8,275.7,-40.3,,-40.3,172.9,4448,-2.1,,-2.1,9.3,-8,,-8,7.4,105.2,0,0,14.69,77,50,Standard
147,293.9,1.4,295.2,51,,51,194.3,5137,0,,0,20,10,,10,9.8,244.5,0,0,14.69,77,50,Standard
148,308.8,13.3,322.2,4.8,,4.8,197.1,2551,4.3,,4.3,6.1,0,,0,6.7,72.9,0,0,14.69,77,50,Standard
149,342.3,8.6,351,79.9,,79.9,208.6,2379,15,,15,10.4,10,,10,8,128.7,0,0,14.69,77,50,Standard
150,286.9,5.8,292.7,-63.4,,-63.4,184.3,4448,-10.7,,-10.7,7.1,-10,,-10,7.3,93.7,0,0,14.69,77,50,Standard
151,242.5,2.5,245,0,,0,161.4,5827,0,,0,12.5,0,,0,7.7,130.3,0,0,14.69,77,50,Standard
152,260.4,4,264.4,-5.4,,-5.4,165.7,4448,-4.3,,-4.3,12.5,0,,0,7.7,125.2,0,0,14.69,77,50,Standard
153,333.8,3.1,336.9,30.5,,30.5,210,4275,4.3,,4.3,13.6,4,,4,9.3,192.8,0,0,14.69,77,50,Standard
154,210,1.9,211.9,21.7,,21.7,144.3,5827,12.9,,12.9,18.9,2,,2,7.6,147.1,0,0,14.69,77,50,Standard
155,227.8,3.2,231,15,,15,148.6,4620,-15,,-15,17.9,8,,8,7.6,141.1,0,0,14.69,77,50,Standard
156,296.1,23.1,319.2,-41.2,,-41.2,191.4,1172,0,,0,7.1,-8,,-8,6,63.2,0,0,14.69,77,50,Standard
157,301.9,4.7,306.5,47.5,,47.5,178.6,2206,4.3,,4.3,20,8,,8,8.8,191.9,0,0,14.69,77,50,Standard
158,293.2,1,294.2,-7.3,,-7.3,198.6,5827,-4.3,,-4.3,20,0,,0,10,255.3,0,0,14.69,77,50,Standard
159,282.7,8.5,291.2,-12.5,,-12.5,172.9,2724,6.4,,6.4,11.4,-4,,-4,7.2,105.8,0,0,14.69,77,50,Standard
160,343,9,352.1,2.9,,2.9,210,2379,2.1,,2.1,9.3,0,,0,7.9,119.6,0,0,14.69,77,50,Standard
161,258.9,3.1,262,-20.8,,-20.8,167.1,4965,-2.1,,-2.1,13.6,-4,,-4,8,141.3,0,0,14.69,77,50,Standard
162,210.6,5.3,216,-13.5,,-13.5,140,4448,-15,,-15,11.4,0,,0,6.3,80.6,0,0,14.69,77,50,Standard
163,321.2,7.1,328.3,-55.8,,-55.8,184.3,1172,0,,0,18.9,-10,,-10,8.4,177.7,0,0,14.69,77,50,Standard
164,293.2,14.3,307.5,-47.4,,-47.4,188.6,2551,-6.4,,-6.4,6.1,-8,,-8,6.4,66,0,0,14.69,77,50,Standard
165,287,2.4,289.4,36,,36,182.9,4448,10.7,,10.7,17.9,4,,4,9,199,0,0,14.69,77,50,Standard
166,248,2.8,250.8,-50.8,,-50.8,158.6,4103,-6.4,,-6.4,20,-10,,-10,8.3,173.5,0,0,14.69,77,50,Standard
167,324,3.5,327.5,-12.8,,-12.8,204.3,4448,12.9,,12.9,12.5,-6,,-6,8.9,172.5,0,0,14.69,77,50,Standard
168,286.8,8.8,295.6,-57,,-57,177.1,2896,-15,,-15,10.4,-8,,-8,7.2,100.9,0,0,14.69,77,50,Standard
169,329.1,5.9,335,16,,16,197.1,2551,-12.9,,-12.9,14.6,6,,6,8.6,166.1,0,0,14.69,77,50,Standard
170,328.7,4.4,333.1,6.7,,6.7,201.4,3413,4.3,,4.3,13.6,0,,0,8.9,172.6,0,0,14.69,77,50,Standard
171,252.5,10.9,263.3,34.4,,34.4,155.7,2206,-10.7,,-10.7,12.5,10,,10,6.5,88.9,0,0,14.69,77,50,Standard
172,241.5,2.7,244.2,-60.4,,-60.4,161.4,6000,-15,,-15,11.4,-10,,-10,7.5,119.7,0,0,14.69,77,50,Standard
173,280.1,2.5,282.6,-48.6,,-48.6,182.9,5655,0,,0,12.5,-10,,-10,8.5,158.5,0,0,14.69,77,50,Standard
174,279.3,4.8,284.1,26.7,,26.7,181.4,4965,12.9,,12.9,7.1,2,,2,7.3,95.6,0,0,14.69,77,50,Standard
175,271.3,9.9,281.2,13.8,,13.8,174.3,3413,12.9,,12.9,7.1,0,,0,6.5,72.7,0,0,14.69,77,50,Standard
176,236.4,6,242.3,6.7,,6.7,148.6,3413,15,,15,14.6,-2,,-2,6.9,107.3,0,0,14.69,77,50,Standard
177,255.5,11.5,267,-44.6,,-44.6,154.3,1689,-10.7,,-10.7,14.6,-8,,-8,6.6,98.9,0,0,14.69,77,50,Standard
178,268,6.1,274.1,4.5,,4.5,158.6,2034,4.3,,4.3,20,0,,0,7.9,155.4,0,0,14.69,77,50,Standard
179,288.6,1.2,289.8,13.1,,13.1,192.9,5655,-4.3,,-4.3,18.9,4,,4,9.7,234.3,0,0,14.69,77,50,Standard
180,339.6,10.1,349.8,-38.1,,-38.1,201.4,1517,-2.1,,-2.1,12.5,-6,,-6,7.9,136.2,0,0,14.69,77,50,Standard
181,296.5,4,300.6,1.6,,1.6,180,3068,-6.4,,-6.4,17.9,2,,2,8.7,182.7,0,0,14.69,77,50,Standard
182,330.7,5.3,336,-3,,-3,195.7,2206,-2.1,,-2.1,16.8,0,,0,8.9,186.2,0,0,14.69,77,50,Standard
183,286.7,21.6,308.3,-35.3,,-35.3,182.9,1172,-6.4,,-6.4,8.2,-6,,-6,6,66.7,0,0,14.69,77,50,Standard
184,229.8,4.3,234.1,28.5,,28.5,155.7,5655,-10.7,,-10.7,7.1,10,,10,6.5,77.3,0,0,14.69,77,50,Standard
185,296,9.8,305.8,-5.3,,-5.3,187.1,3068,4.3,,4.3,7.1,-2,,-2,6.9,81.6,0,0,14.69,77,50,Standard
186,308.3,6.8,315,59.6,,59.6,185.7,2724,12.9,,12.9,13.6,8,,8,8.1,142.2,0,0,14.69,77,50,Standard
187,249.4,6.5,255.9,-30.2,,-30.2,158.6,3758,4.3,,4.3,10.4,-8,,-8,6.8,91.7,0,0,14.69,77,50,Standard
188,244.8,3.7,248.5,-12.3,,-12.3,154.3,3758,-10.7,,-10.7,18.9,0,,0,7.9,153.8,0,0,14.69,77,50,Standard
189,278.8,24.5,303.2,-1.7,,-1.7,188.6,1689,-2.1,,-2.1,5,0,,0,5.5,45.8,0,0,14.69,77,50,Standard
190,256.2,3,259.2,29.1,,29.1,165.7,4965,8.6,,8.6,14.6,4,,4,8,146.9,0,0,14.69,77,50,Standard
191,318,10.4,328.4,-32.7,,-32.7,184.3,1000,10.7,,10.7,15.7,-8,,-8,7.7,141.2,0,0,14.69,77,50,Standard
192,194.3,41.7,236,-1.6,,-1.6,155.7,1000,-4.3,,-4.3,5,0,,0,3.8,22,0,0,14.69,77,50,Standard
193,229,1.9,230.9,-45,,-45,154.3,5482,-4.3,,-4.3,18.9,-10,,-10,8.1,165.6,0,0,14.69,77,50,Standard
194,256.6,3,259.6,-16.4,,-16.4,162.9,4103,-12.9,,-12.9,18.9,0,,0,8.3,170.9,0,0,14.69,77,50,Standard
195,226.9,8.9,235.8,-16.8,,-16.8,142.9,2724,-10.7,,-10.7,13.6,-2,,-2,6.3,86.7,0,0,14.69,77,50,Standard
196,315,6.6,321.6,27.9,,27.9,201.4,4103,4.3,,4.3,6.1,4,,4,7.5,95.1,0,0,14.69,77,50,Standard
197,328.3,3.8,332.1,-6.1,,-6.1,207.1,4448,-10.7,,-10.7,11.4,2,,2,8.8,164.1,0,0,14.69,77,50,Standard
198,336.8,6.6,343.5,-67.5,,-67.5,201.4,2379,-6.4,,-6.4,13.6,-10,,-10,8.5,159.8,0,0,14.69,77,50,Standard
199,298.8,5.7,304.5,-44.3,,-44.3,175.7,2034,-10.7,,-10.7,18.9,-6,,-6,8.4,173.3,0,0,14.69,77,50,Standard
200,236.4,27.2,263.5,7.3,,7.3,162.9,1344,-15,,-15,7.1,4,,4,4.9,42.5,0,0,14.69,77,50,Standard
201,267.6,1.2,268.8,40.1,R,40.1,180,5103,4.3,L,-4.3,22.6,10,R,10,9.6,241.6,0,0,15,77,50,Standard
202,156.9,3.7,160.6,26.1,L,-26.1,110,4482,4.3,L,-4.3,19.5,8.6,L,-8.6,5.8,83,0,0,15,77,50,Standard
203,142.1,0.2,142.3,9.6,L,-9.6,111.4,8000,6.4,R,6.4,24.7,5.7,L,-5.7,6.5,115.6,0,0,15,77,50,Standard
204,211,0.2,211.3,10.7,L,-10.7,155.7,6965,0,,0,23.7,2.9,L,-2.9,8.7,206.6,0,0,15,77,50,Standard
205,156.8,2.5,159.4,5.8,R,5.8,111.4,4482,8.6,R,8.6,26.8,0,,0,6.5,119.9,0,0,15,77,50,Standard
206,224.9,1.2,226.1,27.8,L,-27.8,155.7,6137,0,,0,19.5,7.1,L,-7.1,8.3,175.6,0,0,15,77,50,Standard
207,200.2,2.6,202.8,32,R,32,137.1,5724,2.1,R,2.1,14.2,8.6,R,8.6,6.8,104.9,0,0,15,77,50,Standard
208,223.9,2.6,226.5,43.7,R,43.7,148.6,5103,4.3,R,4.3,17.4,10,R,10,7.7,142.5,0,0,15,77,50,Standard
209,200.1,0.3,199.8,10.1,R,10.1,157.1,7379,0,,0,27.9,2.9,R,2.9,9,236.4,0,0,15,77,50,Standard
210,197.8,1.2,199,1.1,L,-1.1,140,4689,10.7,L,-10.7,28.9,2.9,R,2.9,8.3,197.3,0,0,15,77,50,Standard
211,250.6,0.3,251,6.6,R,6.6,178.6,8000,4.3,R,4.3,16.3,0,,0,8.9,198.4,0,0,15,77,50,Standard
212,156.5,1.3,157.9,9.7,L,-9.7,115.7,5517,12.9,L,-12.9,27.9,0,,0,6.9,136.1,0,0,15,77,50,Standard
213,159.5,4.6,164.1,7.8,L,-7.8,112.9,4689,6.4,L,-6.4,15.3,1.4,L,-1.4,5.5,68,0,0,15,77,50,Standard
214,269.5,3.7,273.2,14.4,L,-14.4,164.3,2827,6.4,L,-6.4,21.6,1.4,L,-1.4,8.5,187,0,0,15,77,50,Standard
215,193.1,6.3,199.5,44.3,R,44.3,125.7,3241,15,R,15,17.4,10,R,10,6.2,90.4,0,0,15,77,50,Standard
216,215.3,0.4,215.7,5.3,R,5.3,155.7,7586,0,,0,18.4,1.4,R,1.4,8.2,172.7,0,0,15,77,50,Standard
217,262.5,9.8,272.3,7,L,-7,162.9,2620,12.9,R,12.9,11.1,4.3,L,-4.3,6.7,89.3,0,0,15,77,50,Standard
218,208,3,211,25.5,R,25.5,138.6,4896,10.7,L,-10.7,17.4,10,R,10,7.1,122.9,0,0,15,77,50,Standard
219,196.6,0.5,197.1,34,R,34,144.3,6965,8.6,R,8.6,22.6,7.1,R,7.1,8,174.7,0,0,15,77,50,Standard
220,160.3,0.9,161.2,8.7,L,-8.7,120,5931,10.7,L,-10.7,27.9,0,,0,7.2,146.9,0,0,15,77,50,Standard
221,216.3,6.6,222.9,35.9,R,35.9,135.7,2827,4.3,R,4.3,17.4,8.6,R,8.6,6.6,104.7,0,0,15,77,50,Standard
222,267.2,2.4,269.6,7.3,L,-7.3,177.1,6137,4.3,R,4.3,11.1,2.9,L,-2.9,8.1,141.3,0,0,15,77,50,Standard
223,243.3,3,246.4,31.4,R,31.4,154.3,3655,4.3,L,-4.3,21.6,8.6,R,8.6,8.3,174.9,0,0,15,77,50,Standard
224,208,0,208,13.8,L,-13.8,158.6,6758,10.7,L,-10.7,27.9,0,,0,9.1,238.5,0,0,15,77,50,Standard
225,194.6,6.2,200.8,3.2,R,3.2,128.6,3655,4.3,R,4.3,14.2,0,,0,6,79.5,0,0,15,77,50,Standard
226,188,8.4,196.4,8.1,L,-8.1,125.7,3241,2.1,R,2.1,13.2,2.9,L,-2.9,5.6,66.7,0,0,15,77,50,Standard
227,145.2,0.6,145.9,7.1,R,7.1,112.9,6344,15,L,-15,30,7.1,R,7.1,6.9,139.4,0,0,15,77,50,Standard
228,201.8,1,202.8,39.5,R,39.5,145.7,8000,12.9,R,12.9,14.2,7.1,R,7.1,7.3,126.4,0,0,15,77,50,Standard
229,186.1,2,188.1,25.9,R,25.9,130,5724,2.1,L,-2.1,19.5,8.6,R,8.6,7,124.5,0,0,15,77,50,Standard
230,146.7,0.1,146.6,25.5,L,-25.5,118.6,7379,0,,0,30,10,L,-10,7.2,154.4,0,0,15,77,50,Standard
231,217.3,1.1,218.4,40,R,40,152.9,6965,15,R,15,17.4,5.7,R,5.7,7.9,156.3,0,0,15,77,50,Standard
232,148.4,0.7,149.1,10.4,L,-10.4,114.3,6344,10.7,R,10.7,28.9,7.1,L,-7.1,6.9,138.5,0,0,15,77,50,Standard
233,186.1,2,188.1,12,R,12,130,5724,2.1,L,-2.1,19.5,4.3,R,4.3,7,124.5,0,0,15,77,50,Standard
234,237.3,1.2,238.5,9.3,L,-9.3,162.9,5310,10.7,R,10.7,23.7,5.7,L,-5.7,8.9,216,0,0,15,77,50,Standard
235,210.7,2.3,213,34.7,R,34.7,144.3,6137,12.9,R,12.9,13.2,5.7,R,5.7,7,110.1,0,0,15,77,50,Standard
236,212.8,0.5,213.3,18.4,L,-18.4,157.1,5724,10.7,R,10.7,28.9,8.6,L,-8.6,9.1,240.1,0,0,15,77,50,Standard
237,201.5,0.4,202,24.9,R,24.9,148.6,6344,0,,0,25.8,7.1,R,7.1,8.5,203,0,0,15,77,50,Standard
238,153.9,7.6,161.5,0.3,L,-0.3,114.3,4689,6.4,R,6.4,10,1.4,L,-1.4,4.7,43.7,0,0,15,77,50,Standard
239,163.9,0.4,163.6,16.3,L,-16.3,132.9,7793,0,,0,28.9,5.7,L,-5.7,7.9,184.1,0,0,15,77,50,Standard
240,254.5,2.3,256.8,41.7,L,-41.7,161.4,2827,2.1,R,2.1,27.9,10,L,-10,9.1,233.4,0,0,15,77,50,Standard
241,208.3,1.2,209.5,4.8,R,4.8,145.7,4896,4.3,R,4.3,26.8,0,,0,8.4,199.2,0,0,15,77,50,Standard
242,162.3,3.1,165.5,11.2,R,11.2,120,6551,4.3,R,4.3,10,2.9,R,2.9,5.4,58.3,0,0,15,77,50,Standard
243,267.4,2.6,270,8.2,R,8.2,167.1,3034,6.4,R,6.4,24.7,0,,0,9.1,220.7,0,0,15,77,50,Standard
244,222.5,6.3,228.7,13.2,R,13.2,138.6,2827,15,R,15,18.4,0,,0,6.9,114.8,0,0,15,77,50,Standard
245,183.8,2.4,186.2,20.9,R,20.9,127.1,5103,2.1,L,-2.1,21.6,7.1,R,7.1,7,128.6,0,0,15,77,50,Standard
246,237.7,2.1,239.9,46.4,L,-46.4,161.4,6551,8.6,L,-8.6,11.1,8.6,L,-8.6,7.5,122.7,0,0,15,77,50,Standard
247,288.9,6.1,295,9.7,R,9.7,180,3655,2.1,R,2.1,10,1.4,R,1.4,7.5,111.3,0,0,15,77,50,Standard
248,212.6,4.2,216.8,31.7,R,31.7,132.9,2206,6.4,L,-6.4,27.9,10,R,10,7.6,164.3,0,0,15,77,50,Standard
249,216.9,1.3,218.3,40.1,R,40.1,150,4689,2.1,R,2.1,26.8,10,R,10,8.6,208.5,0,0,15,77,50,Standard
250,275,2.2,277.2,13.9,R,13.9,172.9,2827,0,,0,26.8,2.9,R,2.9,9.5,249.7,0,0,15,77,50,Standard
251,210.4,1.2,211.6,0,,0,147.1,4896,0,,0,26.8,0,,0,8.5,202.5,0,0,15,77,50,Standard
252,232.4,6.6,239,28,L,-28,148.6,3655,12.9,R,12.9,12.1,10,L,-10,6.6,90.8,0,0,15,77,50,Standard
253,165.4,0.6,166,15.3,R,15.3,125.7,6137,10.7,L,-10.7,28.9,8.6,R,8.6,7.5,165.3,0,0,15,77,50,Standard
254,153.7,0.6,154.3,0.7,R,0.7,117.1,7379,10.7,R,10.7,23.7,2.9,L,-2.9,6.7,122.5,0,0,15,77,50,Standard
255,182.8,0.1,182.7,9.2,L,-9.2,142.9,7172,0,,0,27.9,2.9,L,-2.9,8.4,202.7,0,0,15,77,50,Standard
256,161.5,3.5,165,20.1,L,-20.1,111.4,4068,6.4,L,-6.4,22.6,5.7,L,-5.7,6.1,98.8,0,0,15,77,50,Standard
257,182.3,6.9,189.2,2.8,R,2.8,120,3034,4.3,R,4.3,17.4,0,,0,5.8,81.5,0,0,15,77,50,Standard
258,274.1,2.2,276.3,9.5,L,-9.5,172.9,3241,2.1,L,-2.1,24.7,1.4,L,-1.4,9.4,234.5,0,0,15,77,50,Standard
259,199.3,0.9,200.2,4.7,R,4.7,144.3,4896,4.3,R,4.3,30,0,,0,8.6,215.4,0,0,15,77,50,Standard
260,224,1.6,225.6,22,L,-22,155.7,7172,4.3,L,-4.3,10,4.3,L,-4.3,7.2,110.7,0,0,15,77,50,Standard
261,167.3,3.6,170.9,26.4,R,26.4,114.3,4068,8.6,R,8.6,21.6,7.1,R,7.1,6.2,99.2,0,0,15,77,50,Standard
262,197.4,4,201.5,10.2,L,-10.2,134.3,5103,10.7,R,10.7,12.1,5.7,L,-5.7,6.2,82.9,0,0,15,77,50,Standard
263,173.1,6.8,179.9,13.6,R,13.6,112.9,2413,6.4,L,-6.4,22.6,5.7,R,5.7,6,93.9,0,0,15,77,50,Standard
264,245.3,0.6,245.8,18.7,L,-18.7,172.9,7172,8.6,L,-8.6,18.4,1.4,L,-1.4,8.9,201.9,0,0,15,77,50,Standard
265,274.4,2.3,276.7,35.1,R,35.1,174.3,3862,4.3,L,-4.3,21.6,8.6,R,8.6,9.1,214.5,0,0,15,77,50,Standard
266,223.8,1.4,225.2,19,L,-19,155.7,6965,15,L,-15,15.3,0,,0,7.8,146.3,0,0,15,77,50,Standard
267,224.1,5.2,229.3,3.4,L,-3.4,140,3034,8.6,R,8.6,19.5,2.9,L,-2.9,7.2,127.7,0,0,15,77,50,Standard
268,221.6,0.7,222.3,21.6,L,-21.6,158.6,7793,12.9,R,12.9,16.3,10,L,-10,8.1,162.1,0,0,15,77,50,Standard
269,185.6,7.7,193.3,1.6,L,-1.6,127.1,3862,4.3,R,4.3,11.1,1.4,L,-1.4,5.5,60.1,0,0,15,77,50,Standard
270,168.4,3.2,171.6,10.7,L,-10.7,115.7,4275,8.6,R,8.6,22.6,5.7,L,-5.7,6.4,107.8,0,0,15,77,50,Standard
271,212.4,5.4,217.8,25.3,R,25.3,140,4275,12.9,L,-12.9,12.1,10,R,10,6.4,84.7,0,0,15,77,50,Standard
272,167.4,1.1,168.5,9.4,R,9.4,124.3,8000,8.6,L,-8.6,13.2,5.7,R,5.7,6.1,85.4,0,0,15,77,50,Standard
273,264.9,2.3,267.2,9.4,L,-9.4,172.9,5310,2.1,L,-2.1,15.3,1.4,L,-1.4,8.5,167.3,0,0,15,77,50,Standard
274,187.3,4.6,191.9,10.9,R,10.9,121.4,2827,15,R,15,25.8,0,,0,6.8,129.1,0,0,15,77,50,Standard
275,162.4,10.6,173,21.1,R,21.1,111.4,2413,10.7,R,10.7,16.3,5.7,R,5.7,5,59.3,0,0,15,77,50,Standard
276,199.9,6.3,206.2,39.1,L,-39.1,125.7,2413,12.9,L,-12.9,22.6,8.6,L,-8.6,6.7,116.8,0,0,15,77,50,Standard
277,149.4,9.2,158.7,8.8,L,-8.8,110,3862,10.7,L,-10.7,12.1,1.4,L,-1.4,4.6,44.8,0,0,15,77,50,Standard
278,201,1.5,202.5,15.4,L,-15.4,140,5310,4.3,R,4.3,23.7,5.7,L,-5.7,7.9,168.5,0,0,15,77,50,Standard
279,250.3,4.1,254.4,43.5,L,-43.5,161.4,4689,0,,0,11.1,10,L,-10,7.3,110,0,0,15,77,50,Standard
280,206.7,0.4,206.2,2.1,R,2.1,165.7,7793,12.9,R,12.9,28.9,4.3,L,-4.3,9.4,261.3,0,0,15,77,50,Standard
281,257.1,8,265.1,8.5,R,8.5,155.7,2413,8.6,R,8.6,15.3,0,,0,7.1,114.7,0,0,15,77,50,Standard
282,205.7,0.3,205.4,10.4,L,-10.4,164.3,7172,0,,0,30,2.9,L,-2.9,9.5,266.2,0,0,15,77,50,Standard
283,239.3,2.2,241.5,28.8,L,-28.8,158.6,5310,8.6,L,-8.6,17.4,4.3,L,-4.3,8.1,160.5,0,0,15,77,50,Standard
284,270.5,6.8,277.3,61.5,L,-61.5,168.6,3448,12.9,L,-12.9,11.1,10,L,-10,7.2,104.7,0,0,15,77,50,Standard
285,191,0.7,191.7,6.8,R,6.8,140,5931,10.7,R,10.7,26.8,1.4,L,-1.4,8.1,187.6,0,0,15,77,50,Standard
286,167.6,8.4,176,25.1,L,-25.1,111.4,2413,0,,0,19.5,8.6,L,-8.6,5.5,75.7,0,0,15,77,50,Standard
287,241.3,4.1,245.4,14.9,L,-14.9,147.1,2206,15,L,-15,25.8,0,,0,8.1,179.6,0,0,15,77,50,Standard
288,208.8,2.9,211.7,22.5,R,22.5,142.9,5931,8.6,L,-8.6,11.1,8.6,R,8.6,6.7,93.5,0,0,15,77,50,Standard
289,293,5.5,298.4,39.7,L,-39.7,178.6,3241,8.6,R,8.6,14.2,10,L,-10,8.1,145.7,0,0,15,77,50,Standard
290,184.1,0.5,184.7,1.8,L,-1.8,137.1,6344,15,L,-15,26.8,4.3,R,4.3,8,180.7,0,0,15,77,50,Standard
291,263.9,4.7,268.6,13.4,R,13.4,162.9,3448,0,,0,16.3,2.9,R,2.9,7.9,145.1,0,0,15,77,50,Standard
292,189.5,3.4,192.9,12.6,L,-12.6,124.3,2827,2.1,R,2.1,28.9,4.3,L,-4.3,7.4,154.3,0,0,15,77,50,Standard
293,241.2,2.4,243.5,52.3,R,52.3,157.1,4482,8.6,R,8.6,20.5,10,R,10,8.3,176.7,0,0,15,77,50,Standard
294,154.6,11.8,166.4,18.1,L,-18.1,110,2620,6.4,L,-6.4,14.2,5.7,L,-5.7,4.6,48.8,0,0,15,77,50,Standard
295,154,4.1,158.1,26.9,L,-26.9,114.3,5931,6.4,L,-6.4,11.1,8.6,L,-8.6,5.1,54,0,0,15,77,50,Standard
296,237.2,2.9,240.2,35.5,L,-35.5,157.1,5517,0,,0,12.1,8.6,L,-8.6,7.4,118.9,0,0,15,77,50,Standard
297,207.6,4,211.6,1.9,R,1.9,137.1,4482,2.1,R,2.1,14.2,0,,0,6.6,97.7,0,0,15,77,50,Standard
298,191.7,1.2,192.9,10.3,R,10.3,137.1,6551,12.9,L,-12.9,20.5,7.1,R,7.1,7.5,145.5,0,0,15,77,50,Standard
299,229.4,0.9,230.2,11,L,-11,161.4,6965,12.9,R,12.9,18.4,7.1,L,-7.1,8.4,179.5,0,0,15,77,50,Standard
300,154,0,154,11,R,11,121.4,7379,8.6,R,8.6,27.9,1.4,R,1.4,7.2,151.5,0,0,15,77,50,Standard
301,191.1,0.4,191.4,23.6,R,23.6,141.4,7586,0,,0,20.5,7.1,R,7.1,7.7,157.9,0,0,15,77,50,Standard
302,153.2,1.8,155,12.5,L,-12.5,111.4,5931,12.9,L,-12.9,20.5,1.4,L,-1.4,6,93.6,0,0,15,77,50,Standard
303,212.4,6.5,218.9,38.6,L,-38.6,135.7,3241,2.1,L,-2.1,15.3,10,L,-10,6.4,93.9,0,0,15,77,50,Standard
304,275.8,6.4,282.2,41.2,L,-41.2,165.7,2620,0,,0,16.3,8.6,L,-8.6,7.8,140.9,0,0,15,77,50,Standard
305,209,0.1,209,0.5,L,-0.5,157.1,6965,8.6,L,-8.6,25.8,2.9,R,2.9,8.9,222.4,0,0,15,77,50,Standard
306,294.6,3.2,297.8,17.8,R,17.8,180,3034,2.1,R,2.1,20.5,2.9,R,2.9,9.1,208,0,0,15,77,50,Standard
307,243.4,4,247.4,25.4,L,-25.4,152.9,3655,6.4,L,-6.4,18.4,4.3,L,-4.3,7.8,147.4,0,0,15,77,50,Standard
308,248,0.3,248.3,4.9,L,-4.9,178.6,6965,12.9,R,12.9,22.6,5.7,L,-5.7,9.5,243.9,0,0,15,77,50,Standard
309,284.8,3.3,288.1,14.4,L,-14.4,171.4,2206,0,,0,24.7,2.9,L,-2.9,9.1,222.9,0,0,15,77,50,Standard
310,291.6,5.1,296.6,26.3,L,-26.3,180,3655,12.9,R,12.9,13.2,8.6,L,-8.6,8.1,141,0,0,15,77,50,Standard
311,200,2.5,202.5,0,,0,132.9,3448,0,,0,27.9,0,,0,7.8,171.3,0,0,15,77,50,Standard
312,235,2.6,237.7,4.6,R,4.6,151.4,3862,6.4,L,-6.4,22.6,2.9,R,2.9,8.3,177.9,0,0,15,77,50,Standard
313,210,2.7,212.6,44.1,R,44.1,138.6,4068,12.9,R,12.9,23.7,8.6,R,8.6,7.7,159.3,0,0,15,77,50,Standard
314,215.7,1.2,217,44.1,L,-44.1,150,4896,15,L,-15,26.8,7.1,L,-7.1,8.6,207.2,0,0,15,77,50,Standard
315,233.2,3.6,236.8,28.5,L,-28.5,154.3,5310,10.7,R,10.7,11.1,10,L,-10,7.1,104.5,0,0,15,77,50,Standard
316,176,1.5,177.5,1.8,R,1.8,125.7,6344,2.1,R,2.1,18.4,0,,0,6.7,112.1,0,0,15,77,50,Standard
317,206.4,1.9,208.3,0,,0,144.3,6758,0,,0,10,0,,0,6.7,93.2,0,0,15,77,50,Standard
318,214.8,1.7,216.5,11.8,R,11.8,145.7,4275,10.7,R,10.7,26.8,0,,0,8.4,196.3,0,0,15,77,50,Standard
319,281,2.6,283.6,24.3,R,24.3,174.3,3034,12.9,R,12.9,23.7,1.4,R,1.4,9.2,225.1,0,0,15,77,50,Standard
320,192.7,0.1,192.8,35.9,R,35.9,145.7,7793,2.1,R,2.1,22.6,10,R,10,8.1,179.6,-,-,15,77,50,Standard
321,182.4,11.7,194.1,38,R,38,127.1,3241,10.7,R,10.7,10,10,R,10,5,48.8,-,-,15,77,50,Standard
322,240.3,3.1,243.4,36.7,L,-36.7,157.1,5103,4.3,R,4.3,13.2,10,L,-10,7.5,124.5,-,-,15,77,50,Standard
323,208.5,6,214.5,15.6,L,-15.6,128.6,2000,0,,0,24.7,4.3,L,-4.3,7,133.5,-,-,15,77,50,Standard
324,174.2,2.6,176.7,0.9,L,-0.9,120,4068,4.3,R,4.3,26.8,1.4,L,-1.4,7,138,-,-,15,77,50,Standard
325,195.5,1.5,197,4.8,L,-4.8,137.1,5931,0,,0,20.5,1.4,L,-1.4,7.5,145.1,-,-,15,77,50,Standard
326,186.7,0.8,187.5,18.3,R,18.3,135.7,6551,8.6,R,8.6,22.6,2.9,R,2.9,7.6,155.6,-,-,15,77,50,Standard
327,211.2,5.4,216.6,10.7,R,10.7,131.4,2413,0,,0,23.7,2.9,R,2.9,7.1,135.8,-,-,15,77,50,Standard
328,235.4,0.5,235.9,35.7,R,35.7,168.6,5931,12.9,R,12.9,25.8,4.3,R,4.3,9.4,244.8,-,-,15,77,50,Standard
329,210.4,2.3,212.8,50.3,R,50.3,142.9,5517,12.9,R,12.9,18.4,10,R,10,7.5,139.8,-,-,15,77,50,Standard
330,196.6,2.9,199.5,28,L,-28,130,3448,4.3,L,-4.3,26.8,7.1,L,-7.1,7.6,158,-,-,15,77,50,Standard
331,237.3,0.8,238.2,12,L,-12,165.7,6344,0,,0,20.5,2.9,L,-2.9,8.8,202.8,-,-,15,77,50,Standard
332,213.3,2.1,215.4,6.5,L,-6.5,144.3,5310,8.6,R,8.6,19.5,4.3,L,-4.3,7.7,149.7,-,-,15,77,50,Standard
333,252.9,4.3,257.2,10.2,R,10.2,157.1,3448,12.9,L,-12.9,18.4,5.7,R,5.7,7.9,151.5,-,-,15,77,50,Standard
334,217.4,2.7,220.1,21,R,21,148.6,6137,4.3,R,4.3,10,4.3,R,4.3,6.8,95.3,-,-,15,77,50,Standard
335,197.1,0.7,197.7,19.9,L,-19.9,144.3,5931,8.6,R,8.6,26.8,8.6,L,-8.6,8.4,197.9,-,-,15,77,50,Standard
336,252.2,1.2,253.4,18.9,R,18.9,170,4275,0,,0,26.8,4.3,R,4.3,9.5,251.7,-,-,15,77,50,Standard
337,206.3,3.3,209.6,9.1,R,9.1,135.7,4275,4.3,R,4.3,19.5,1.4,R,1.4,7.2,128.7,-,-,15,77,50,Standard
338,182.9,3.4,186.3,13.7,L,-13.7,128.6,5724,0,,0,11.1,4.3,L,-4.3,5.9,73,-,-,15,77,50,Standard
339,152.4,4.4,156.8,17.7,L,-17.7,111.4,5310,4.3,L,-4.3,13.2,5.7,L,-5.7,5.2,58.2,-,-,15,77,50,Standard
340,211.6,1.7,213.3,21,R,21,145.7,5931,0,,0,18.4,5.7,R,5.7,7.7,148.4,-,-,15,77,50,Standard
341,171.8,2.3,174,11.7,L,-11.7,120,4275,15,L,-15,27.9,0,,0,7.1,143,-,-,15,77,50,Standard
342,177.3,3.7,181,26.5,L,-26.5,118.6,3448,6.4,L,-6.4,25.8,7.1,L,-7.1,6.8,127.2,-,-,15,77,50,Standard
343,218.9,1.5,220.4,6,L,-6,150,4896,4.3,R,4.3,24.7,2.9,L,-2.9,8.5,195.1,-,-,15,77,50,Standard
344,214.4,1.8,216.3,25.9,L,-25.9,144.3,4068,4.3,L,-4.3,26.8,5.7,L,-5.7,8.3,193.1,-,-,15,77,50,Standard
345,201.2,1.3,202.6,20,R,20,141.4,4275,0,,0,30,5.7,R,5.7,8.5,207.1,-,-,15,77,50,Standard
346,257.5,5.3,262.8,19.3,L,-19.3,155.7,2620,0,,0,19.5,4.3,L,-4.3,7.9,152.3,-,-,15,77,50,Standard
347,193.1,0.5,192.7,3.3,L,-3.3,157.1,7586,6.4,L,-6.4,30,1.4,R,1.4,9.2,248.5,-,-,15,77,50,Standard
348,272.9,3,275.8,31.9,L,-31.9,174.3,4689,6.4,R,6.4,15.3,8.6,L,-8.6,8.4,164.2,-,-,15,77,50,Standard
349,168.2,8.2,176.4,2.6,L,-2.6,114.3,3034,10.7,R,10.7,16.3,2.9,L,-2.9,5.3,66.6,-,-,15,77,50,Standard
350,198.8,4.2,203.1,28,L,-28,130,3862,2.1,R,2.1,18.4,8.6,L,-8.6,6.7,109.2,-,-,15,77,50,Standard
351,225.9,0.1,226,33.2,R,33.2,168.6,7172,4.3,L,-4.3,24.7,10,R,10,9.3,241.1,-,-,15,77,50,Standard
352,231.5,2.2,233.7,40.2,R,40.2,157.1,6344,0,,0,12.1,10,R,10,7.5,124.2,-,-,15,77,50,Standard
353,213.6,3.7,217.3,14.8,R,14.8,140,4482,15,R,15,16.3,0,,0,7,114.5,-,-,15,77,50,Standard
354,185.7,2.8,188.6,9.4,L,-9.4,127.1,5103,0,,0,17.4,2.9,L,-2.9,6.6,104.6,-,-,15,77,50,Standard
355,148.2,1,149.2,13.5,R,13.5,111.4,7172,8.6,R,8.6,20.5,2.9,R,2.9,6.1,96.4,-,-,15,77,50,Standard
356,212.1,2.1,214.2,4.8,R,4.8,141.4,3862,10.7,L,-10.7,26.8,4.3,R,4.3,8.2,184.9,-,-,15,77,50,Standard
357,267.9,9.7,277.6,11.3,R,11.3,167.1,2827,8.6,L,-8.6,10,4.3,R,4.3,6.7,87.2,-,-,15,77,50,Standard
358,175.6,1.5,177.1,9.3,R,9.3,128.6,7586,10.7,R,10.7,11.1,0,,0,6.1,79.3,-,-,15,77,50,Standard
359,176.8,1.8,178.6,1.9,R,1.9,125.7,5724,12.9,L,-12.9,22.6,4.3,R,4.3,7,131.9,-,-,15,77,50,Standard
360,154.3,1.7,156,7.8,R,7.8,112.9,5310,0,,0,26.8,2.9,R,2.9,6.7,125.3,-,-,15,77,50,Standard
361,243.9,6.2,250.2,0.3,R,0.3,148.6,2620,6.4,R,6.4,18.4,1.4,L,-1.4,7.4,131,-,-,15,77,50,Standard
362,194.1,1.6,195.7,16.7,R,16.7,135.7,5310,2.1,R,2.1,23.7,4.3,R,4.3,7.7,159.4,-,-,15,77,50,Standard
363,270.7,1.8,272.5,15,R,15,175.7,4275,15,R,15,22.6,1.4,L,-1.4,9.3,226.3,-,-,15,77,50,Standard
364,226.7,8.5,235.1,35.7,R,35.7,145.7,3241,2.1,R,2.1,11.1,8.6,R,8.6,6.2,77.4,-,-,15,77,50,Standard
365,202.4,3.7,206.1,4.9,R,4.9,130,2827,6.4,L,-6.4,26.8,2.9,R,2.9,7.5,154.7,-,-,15,77,50,Standard
366,184,2.6,186.6,31.9,L,-31.9,125.7,4482,0,,0,23.7,10,L,-10,7.1,135.2,-,-,15,77,50,Standard
367,155.2,2.3,157.5,17.4,R,17.4,114.3,6551,8.6,L,-8.6,14.2,8.6,R,8.6,5.6,70.8,-,-,15,77,50,Standard
368,147.3,3.4,150.7,12.5,R,12.5,110,6137,15,R,15,13.2,1.4,R,1.4,5.1,57.7,-,-,15,77,50,Standard
369,214.1,3.4,217.6,37.2,R,37.2,135.7,2413,0,,0,28.9,10,R,10,7.9,178.7,-,-,15,77,50,Standard
370,229.6,0.8,230.4,14.2,R,14.2,162.9,8000,6.4,L,-6.4,13.2,5.7,R,5.7,8,148.7,-,-,15,77,50,Standard
371,259.1,9.9,268.9,12.6,L,-12.6,162.9,2827,12.9,L,-12.9,10,0,,0,6.5,81.9,-,-,15,77,50,Standard
372,219,1.4,220.4,2.5,R,2.5,152.9,7172,2.1,R,2.1,12.1,0,,0,7.4,122.2,-,-,15,77,50,Standard
373,254.4,1.5,255.9,12.3,L,-12.3,171.4,6137,8.6,L,-8.6,16.3,0,,0,8.6,177.7,-,-,15,77,50,Standard
374,183.8,0.1,183.7,36.9,L,-36.9,141.4,7793,12.9,L,-12.9,24.7,7.1,L,-7.1,8,180.9,-,-,15,77,50,Standard
375,275.9,3.1,279,8.6,L,-8.6,178.6,5310,8.6,R,8.6,11.1,4.3,L,-4.3,8,135.9,-,-,15,77,50,Standard
376,189.1,1.9,190.9,7.6,L,-7.6,134.3,6758,2.1,R,2.1,11.1,2.9,L,-2.9,6.3,85.8,-,-,15,77,50,Standard
377,153.1,12.4,165.4,30.4,L,-30.4,112.9,3241,8.6,L,-8.6,11.1,10,L,-10,4.5,40.4,-,-,15,77,50,Standard
378,228.6,0.4,229.1,17.4,R,17.4,167.1,5517,4.3,R,4.3,28.9,2.9,R,2.9,9.6,264.1,-,-,15,77,50,Standard
379,147.7,1.3,149,22.1,L,-22.1,110,6551,0,,0,21.6,8.6,L,-8.6,6.1,98,-,-,15,77,50,Standard
380,244.2,0.8,245,57.9,L,-57.9,171.4,7793,15,L,-15,14.2,8.6,L,-8.6,8.3,166.3,-,-,15,77,50,Standard
381,192,2.4,194.4,13.7,R,13.7,131.4,5103,4.3,R,4.3,20.5,2.9,R,2.9,7.1,130.7,-,-,15,77,50,Standard
382,189.5,2.2,191.8,0,,0,131.4,5517,15,R,15,20.5,4.3,L,-4.3,7.1,130.6,-,-,15,77,50,Standard
383,192.4,1.5,194,8,L,-8,135.7,6344,6.4,R,6.4,18.4,4.3,L,-4.3,7.2,130.7,-,-,15,77,50,Standard
384,225.3,6.2,231.6,50.5,L,-50.5,140,2827,12.9,L,-12.9,18.4,10,L,-10,7,117.6,-,-,15,77,50,Standard
385,255.8,1.4,257.2,16.1,R,16.1,175.7,7379,2.1,L,-2.1,11.1,4.3,R,4.3,8.2,147.6,-,-,15,77,50,Standard
386,213.8,0.6,214.4,24,L,-24,154.3,5724,10.7,L,-10.7,26.8,2.9,L,-2.9,8.8,220,-,-,15,77,50,Standard
387,247.8,1.3,249.2,2.9,R,2.9,167.1,4689,2.1,R,2.1,24.7,0,,0,9.2,230.9,-,-,15,77,50,Standard